{"schemaVersion":19,"addons":[{"id":"webcompat@mozilla.org","syncGUID":"{5686a19b-d53a-4a65-b6af-39571a4fb721}","location":"app-system-defaults","version":"1.0","type":"extension","internalName":null,"updateURL":null,"updateKey":null,"optionsURL":null,"optionsType":null,"aboutURL":null,"icons":{},"iconURL":null,"icon64URL":null,"defaultLocale":{"name":"Web Compat","description":"Urgent post-release fixes for web compatibility.","creator":null,"homepageURL":null},"visible":true,"active":true,"userDisabled":false,"appDisabled":false,"descriptor":"/usr/lib/firefox-esr/browser/features/webcompat@mozilla.org.xpi","installDate":1522105425000,"updateDate":1522105425000,"applyBackgroundUpdates":1,"bootstrap":true,"skinnable":false,"size":1456,"sourceURI":null,"releaseNotesURI":null,"softDisabled":false,"foreignInstall":false,"hasBinaryComponents":false,"strictCompatibility":false,"locales":[],"targetApplications":[{"id":"{ec8030f7-c20a-464f-9b0e-13a3a9e97384}","minVersion":"52.7.3","maxVersion":"52.*"}],"targetPlatforms":[],"multiprocessCompatible":true,"seen":true,"dependencies":[],"hasEmbeddedWebExtension":false,"mpcOptedOut":false},{"id":"firefox@getpocket.com","syncGUID":"{ba9505ae-c74d-4c7e-a202-89fa1f0967fc}","location":"app-system-defaults","version":"1.0.5","type":"extension","internalName":null,"updateURL":null,"updateKey":null,"optionsURL":null,"optionsType":null,"aboutURL":null,"icons":{},"iconURL":null,"icon64URL":null,"defaultLocale":{"name":"Pocket","description":"When you find something you want to view later, put it in Pocket.","creator":null,"homepageURL":null},"visible":true,"active":true,"userDisabled":false,"appDisabled":false,"descriptor":"/usr/lib/firefox-esr/browser/features/firefox@getpocket.com.xpi","installDate":1522105425000,"updateDate":1522105425000,"applyBackgroundUpdates":1,"bootstrap":true,"skinnable":false,"size":920281,"sourceURI":null,"releaseNotesURI":null,"softDisabled":false,"foreignInstall":false,"hasBinaryComponents":false,"strictCompatibility":false,"locales":[],"targetApplications":[{"id":"{ec8030f7-c20a-464f-9b0e-13a3a9e97384}","minVersion":"52.7.3","maxVersion":"52.*"}],"targetPlatforms":[],"multiprocessCompatible":true,"seen":true,"dependencies":[],"hasEmbeddedWebExtension":false,"mpcOptedOut":false},{"id":"aushelper@mozilla.org","syncGUID":"{01a8c633-6a7a-4a1c-8bec-9a987dbaade4}","location":"app-system-defaults","version":"2.0","type":"extension","internalName":null,"updateURL":null,"updateKey":null,"optionsURL":null,"optionsType":null,"aboutURL":null,"icons":{},"iconURL":null,"icon64URL":null,"defaultLocale":{"name":"Application Update Service Helper","description":"Sets value(s) in the update url based on custom checks.","creator":null,"homepageURL":null},"visible":true,"active":true,"userDisabled":false,"appDisabled":false,"descriptor":"/usr/lib/firefox-esr/browser/features/aushelper@mozilla.org.xpi","installDate":1522105425000,"updateDate":1522105425000,"applyBackgroundUpdates":1,"bootstrap":true,"skinnable":false,"size":8488,"sourceURI":null,"releaseNotesURI":null,"softDisabled":false,"foreignInstall":false,"hasBinaryComponents":false,"strictCompatibility":false,"locales":[],"targetApplications":[{"id":"{ec8030f7-c20a-464f-9b0e-13a3a9e97384}","minVersion":"52.7.3","maxVersion":"52.*"}],"targetPlatforms":[],"multiprocessCompatible":true,"seen":true,"dependencies":[],"hasEmbeddedWebExtension":false,"mpcOptedOut":false},{"id":"e10srollout@mozilla.org","syncGUID":"{af7cdd51-f07f-42a3-82a8-583c5943f7cd}","location":"app-system-defaults","version":"1.10","type":"extension","internalName":null,"updateURL":null,"updateKey":null,"optionsURL":null,"optionsType":null,"aboutURL":null,"icons":{},"iconURL":null,"icon64URL":null,"defaultLocale":{"name":"Multi-process staged rollout","description":"Staged rollout of Firefox multi-process feature.","creator":null,"homepageURL":null},"visible":true,"active":true,"userDisabled":false,"appDisabled":false,"descriptor":"/usr/lib/firefox-esr/browser/features/e10srollout@mozilla.org.xpi","installDate":1522105425000,"updateDate":1522105425000,"applyBackgroundUpdates":1,"bootstrap":true,"skinnable":false,"size":8145,"sourceURI":null,"releaseNotesURI":null,"softDisabled":false,"foreignInstall":false,"hasBinaryComponents":false,"strictCompatibility":false,"locales":[],"targetApplications":[{"id":"{ec8030f7-c20a-464f-9b0e-13a3a9e97384}","minVersion":"52.7.3","maxVersion":"52.*"}],"targetPlatforms":[],"multiprocessCompatible":true,"seen":true,"dependencies":[],"hasEmbeddedWebExtension":false,"mpcOptedOut":false},{"id":"{972ce4c6-7e08-4474-a285-3208198ce6fd}","syncGUID":"{82cdba36-5cff-4de0-ae79-7869401b254d}","location":"app-global","version":"52.7.3","type":"theme","internalName":"classic/1.0","updateURL":null,"updateKey":null,"optionsURL":null,"optionsType":null,"aboutURL":null,"icons":{"32":"icon.png","48":"icon.png"},"iconURL":null,"icon64URL":null,"defaultLocale":{"name":"Default","description":"The default theme.","creator":"Mozilla","homepageURL":null,"contributors":["Mozilla Contributors"]},"visible":true,"active":true,"userDisabled":false,"appDisabled":false,"descriptor":"/usr/lib/firefox-esr/browser/extensions/{972ce4c6-7e08-4474-a285-3208198ce6fd}.xpi","installDate":1522105425000,"updateDate":1522105425000,"applyBackgroundUpdates":1,"skinnable":true,"size":4932,"sourceURI":null,"releaseNotesURI":null,"softDisabled":false,"foreignInstall":false,"hasBinaryComponents":false,"strictCompatibility":true,"locales":[],"targetApplications":[{"id":"{ec8030f7-c20a-464f-9b0e-13a3a9e97384}","minVersion":"52.7.3","maxVersion":"52.7.3"}],"targetPlatforms":[],"seen":true,"dependencies":[],"hasEmbeddedWebExtension":false}]}