{"chrome://browser/content/browser.xul":{"PersonalToolbar":{"collapsed":"true"},"navigator-toolbox":{"iconsize":"small"},"main-window":{"sizemode":"maximized","screenX":"0","screenY":"25","width":"1221","height":"661"},"sidebar-box":{"src":"chrome://browser/content/bookmarks/bookmarksPanel.xul"}},"chrome://browser/content/pageinfo/pageInfo.xul":{"main-window":{"screenX":"43","screenY":"70","width":"715","height":"550","sizemode":"normal"}},"chrome://mozapps/content/downloads/unknownContentType.xul":{"unknownContentType":{"screenX":"433","screenY":"259"}},"chrome://pippki/content/certManager.xul":{"certcol":{"ordinal":"1"},"tokencol":{"ordinal":"3"},"sitecol":{"ordinal":"3"},"lifetimecol":{"ordinal":"5"},"expiredcol":{"ordinal":"9"},"serialnumcol":{"ordinal":"5"},"issuedcol":{"ordinal":"7"},"certmanagertabs":{"selectedIndex":"3"}},"chrome://browser/content/places/bookmarkProperties2.xul":{"bookmarkproperties":{"screenX":"463","screenY":"291","width":"440"}},"chrome://pippki/content/exceptionDialog.xul":{"exceptiondialog":{"screenX":"346","screenY":"75","width":"675","height":"557"}}}